{
  "faithfulness": 1.0,
  "answer_relevancy": 0.9999999999999999,
  "context_recall": 1.0,
  "context_precision": 0.9999999999
}