{"averages": {"faithfulness": 0.8709677419354839, "answer_relevancy": 0.542050816527218, "context_precision": 0.0, "context_recall": 0.0}, "questions": [{"question": "explain the sections", "faithfulness": 0.8709677419354839, "answer_relevancy": 0.542050816527218, "context_precision": 0.0, "context_recall": 0.0}]}